{"cameraMode":{"drawMode":0,"name":"Shaded","section":"Shading Mode"},"sceneLighting":true,"audioPlay":false,"sceneViewState":{"showFog":true,"showMaterialUpdate":false,"showSkybox":true,"showFlares":true,"showImageEffects":true,"showParticleSystems":true},"in2DMode":false,"pivot":{"x":759.7353515625,"y":719.495361328125,"z":5.35980224609375},"rotation":{"x":0.024615639820694925,"y":0.7294096350669861,"z":-0.026261812075972558,"w":0.683178186416626},"size":9484.9482421875,"orthographic":false}