{"cameraMode":{"drawMode":0,"name":"Shaded","section":"Shading Mode"},"sceneLighting":true,"audioPlay":false,"sceneViewState":{"showFog":true,"showMaterialUpdate":false,"showSkybox":true,"showFlares":true,"showImageEffects":true,"showParticleSystems":true},"in2DMode":false,"pivot":{"x":175.41241455078126,"y":94.17120361328125,"z":-19.073253631591798},"rotation":{"x":0.029422592371702195,"y":0.9690963625907898,"z":-0.14349213242530824,"w":0.19866016507148744},"size":341.21368408203127,"orthographic":false}