{"cameraMode":{"drawMode":0,"name":"Shaded","section":"Shading Mode"},"sceneLighting":true,"audioPlay":false,"sceneViewState":{"showFog":true,"showMaterialUpdate":false,"showSkybox":true,"showFlares":true,"showImageEffects":true,"showParticleSystems":true},"in2DMode":false,"pivot":{"x":0.0,"y":1.859954833984375,"z":-1509.6700439453125},"rotation":{"x":0.029422592371702195,"y":0.9690963625907898,"z":-0.14349213242530824,"w":0.19866016507148744},"size":4.349092960357666,"orthographic":false}