{"cameraMode":{"drawMode":0,"name":"Shaded","section":"Shading Mode"},"sceneLighting":true,"audioPlay":false,"sceneViewState":{"showFog":true,"showMaterialUpdate":false,"showSkybox":true,"showFlares":true,"showImageEffects":true,"showParticleSystems":true},"in2DMode":false,"pivot":{"x":-259.6463623046875,"y":1.5564712285995484,"z":-1096.1771240234375},"rotation":{"x":0.031495898962020877,"y":0.0017941775731742383,"z":-0.00005419193621492013,"w":0.9995187520980835},"size":15.103145599365235,"orthographic":false}