{"cameraMode":{"drawMode":0,"name":"Shaded","section":"Shading Mode"},"sceneLighting":true,"audioPlay":false,"sceneViewState":{"showFog":true,"showMaterialUpdate":false,"showSkybox":true,"showFlares":true,"showImageEffects":true,"showParticleSystems":true},"in2DMode":false,"pivot":{"x":-2929.93408203125,"y":-902.7493896484375,"z":3221.621826171875},"rotation":{"x":0.12194208800792694,"y":-0.23987306654453278,"z":0.030381960794329644,"w":0.9626550674438477},"size":6935.513671875,"orthographic":false}